first_min_on;last_min_on;timedelta_on;slice;ALG_catch24_kmeans_2;ALG_catch24_kmeans_3;ALG_catch24_kmeans_5;ALG_catch24_kmeans_7;ALG_naive_kmeans_2;ALG_naive_kmeans_3;ALG_naive_kmeans_5;ALG_naive_kmeans_4;ALG_catch24_kmeans_2_r;ALG_catch24_kmeans_3_r;ALG_catch24_kmeans_5_r;ALG_catch24_kmeans_7_r
2019-02-13 14:01:00+00:00;2019-02-13 14:20:00+00:00;0 days 00:19:00;slice(Timestamp('2019-02-13 14:01:00+0000', tz='UTC'), Timestamp('2019-02-13 14:20:00+0000', tz='UTC'), None);1;2;0;4;0;0;0;0;1;2;0;4
2019-02-13 15:28:30+00:00;2019-02-13 15:35:30+00:00;0 days 00:07:00;slice(Timestamp('2019-02-13 15:28:30+0000', tz='UTC'), Timestamp('2019-02-13 15:35:30+0000', tz='UTC'), None);0;0;3;2;0;0;0;0;0;0;3;2
2019-02-13 15:37:00+00:00;2019-02-13 15:48:30+00:00;0 days 00:11:30;slice(Timestamp('2019-02-13 15:37:00+0000', tz='UTC'), Timestamp('2019-02-13 15:48:30+0000', tz='UTC'), None);0;0;3;2;0;0;0;0;0;0;3;2
2019-02-13 15:49:30+00:00;2019-02-13 18:28:00+00:00;0 days 02:38:30;slice(Timestamp('2019-02-13 15:49:30+0000', tz='UTC'), Timestamp('2019-02-13 18:28:00+0000', tz='UTC'), None);1;1;1;3;0;0;3;3;1;1;1;3
2019-02-13 19:59:00+00:00;2019-02-13 20:26:00+00:00;0 days 00:27:00;slice(Timestamp('2019-02-13 19:59:00+0000', tz='UTC'), Timestamp('2019-02-13 20:26:00+0000', tz='UTC'), None);1;2;0;1;0;0;0;0;1;2;0;1
2019-02-13 22:18:00+00:00;2019-02-13 22:48:00+00:00;0 days 00:30:00;slice(Timestamp('2019-02-13 22:18:00+0000', tz='UTC'), Timestamp('2019-02-13 22:48:00+0000', tz='UTC'), None);1;1;1;1;0;0;0;0;1;1;1;1
2019-02-14 00:43:30+00:00;2019-02-14 01:09:30+00:00;0 days 00:26:00;slice(Timestamp('2019-02-14 00:43:30+0000', tz='UTC'), Timestamp('2019-02-14 01:09:30+0000', tz='UTC'), None);1;2;0;1;0;0;0;0;1;2;0;1
2019-02-14 02:45:30+00:00;2019-02-14 03:10:30+00:00;0 days 00:25:00;slice(Timestamp('2019-02-14 02:45:30+0000', tz='UTC'), Timestamp('2019-02-14 03:10:30+0000', tz='UTC'), None);1;2;0;4;0;0;0;0;1;2;0;4
2019-02-14 04:36:30+00:00;2019-02-14 05:01:30+00:00;0 days 00:25:00;slice(Timestamp('2019-02-14 04:36:30+0000', tz='UTC'), Timestamp('2019-02-14 05:01:30+0000', tz='UTC'), None);1;2;4;1;0;0;0;0;1;2;4;1
2019-02-14 06:25:00+00:00;2019-02-14 06:50:30+00:00;0 days 00:25:30;slice(Timestamp('2019-02-14 06:25:00+0000', tz='UTC'), Timestamp('2019-02-14 06:50:30+0000', tz='UTC'), None);1;2;0;1;0;0;0;0;1;2;0;1
2019-02-14 08:20:30+00:00;2019-02-14 08:45:30+00:00;0 days 00:25:00;slice(Timestamp('2019-02-14 08:20:30+0000', tz='UTC'), Timestamp('2019-02-14 08:45:30+0000', tz='UTC'), None);1;2;4;0;0;0;0;0;1;2;4;0
2019-02-14 10:06:00+00:00;2019-02-14 10:31:00+00:00;0 days 00:25:00;slice(Timestamp('2019-02-14 10:06:00+0000', tz='UTC'), Timestamp('2019-02-14 10:31:00+0000', tz='UTC'), None);1;2;0;1;0;0;0;0;1;2;0;1
2019-02-14 11:49:30+00:00;2019-02-14 12:13:30+00:00;0 days 00:24:00;slice(Timestamp('2019-02-14 11:49:30+0000', tz='UTC'), Timestamp('2019-02-14 12:13:30+0000', tz='UTC'), None);1;1;1;6;0;0;0;0;1;1;1;6
2019-02-14 13:16:00+00:00;2019-02-14 13:45:00+00:00;0 days 00:29:00;slice(Timestamp('2019-02-14 12:16:00+0000', tz='UTC'), Timestamp('2019-02-14 13:45:00+0000', tz='UTC'), None);1;2;4;3;0;0;3;3;1;2;4;3
2019-02-14 15:33:30+00:00;2019-02-14 16:05:30+00:00;0 days 00:32:00;slice(Timestamp('2019-02-14 15:33:30+0000', tz='UTC'), Timestamp('2019-02-14 16:05:30+0000', tz='UTC'), None);1;1;1;1;0;0;0;0;1;1;1;1
2019-02-14 18:13:30+00:00;2019-02-14 18:53:00+00:00;0 days 00:39:30;slice(Timestamp('2019-02-14 18:13:30+0000', tz='UTC'), Timestamp('2019-02-14 18:53:00+0000', tz='UTC'), None);1;2;4;0;0;0;0;0;1;2;4;0
2019-02-14 19:39:30+00:00;2019-02-14 19:59:30+00:00;0 days 00:20:00;slice(Timestamp('2019-02-14 19:39:30+0000', tz='UTC'), Timestamp('2019-02-14 19:59:30+0000', tz='UTC'), None);1;2;0;4;0;0;0;0;1;2;0;4
2019-02-14 20:49:00+00:00;2019-02-14 21:07:00+00:00;0 days 00:18:00;slice(Timestamp('2019-02-14 20:49:00+0000', tz='UTC'), Timestamp('2019-02-14 21:07:00+0000', tz='UTC'), None);1;2;0;1;0;0;0;0;1;2;0;1
2019-02-14 22:18:30+00:00;2019-02-14 22:37:30+00:00;0 days 00:19:00;slice(Timestamp('2019-02-14 22:18:30+0000', tz='UTC'), Timestamp('2019-02-14 22:37:30+0000', tz='UTC'), None);1;2;4;1;0;0;0;0;1;2;4;1
2019-02-14 23:10:30+00:00;2019-02-14 23:27:00+00:00;0 days 00:16:30;slice(Timestamp('2019-02-14 23:10:30+0000', tz='UTC'), Timestamp('2019-02-14 23:27:00+0000', tz='UTC'), None);1;2;0;4;0;0;0;0;1;2;0;4
2019-02-15 00:11:30+00:00;2019-02-15 00:35:30+00:00;0 days 00:24:00;slice(Timestamp('2019-02-15 00:11:30+0000', tz='UTC'), Timestamp('2019-02-15 00:35:30+0000', tz='UTC'), None);1;2;0;1;0;0;0;0;1;2;0;1
2019-02-15 01:58:30+00:00;2019-02-15 02:19:30+00:00;0 days 00:21:00;slice(Timestamp('2019-02-15 01:58:30+0000', tz='UTC'), Timestamp('2019-02-15 02:19:30+0000', tz='UTC'), None);1;2;0;1;0;0;0;0;1;2;0;1
2019-02-15 03:40:00+00:00;2019-02-15 04:01:00+00:00;0 days 00:21:00;slice(Timestamp('2019-02-15 03:40:00+0000', tz='UTC'), Timestamp('2019-02-15 04:01:00+0000', tz='UTC'), None);1;2;0;1;0;0;0;0;1;2;0;1
2019-02-15 05:17:30+00:00;2019-02-15 05:38:30+00:00;0 days 00:21:00;slice(Timestamp('2019-02-15 05:17:30+0000', tz='UTC'), Timestamp('2019-02-15 05:38:30+0000', tz='UTC'), None);1;2;0;1;0;0;0;0;1;2;0;1
2019-02-15 07:00:00+00:00;2019-02-15 07:24:00+00:00;0 days 00:24:00;slice(Timestamp('2019-02-15 07:00:00+0000', tz='UTC'), Timestamp('2019-02-15 07:24:00+0000', tz='UTC'), None);1;2;0;4;0;0;0;0;1;2;0;4
2019-02-15 08:13:00+00:00;2019-02-15 08:33:30+00:00;0 days 00:20:30;slice(Timestamp('2019-02-15 08:13:00+0000', tz='UTC'), Timestamp('2019-02-15 08:33:30+0000', tz='UTC'), None);1;2;0;4;0;0;0;0;1;2;0;4
2019-02-15 09:54:30+00:00;2019-02-15 10:16:00+00:00;0 days 00:21:30;slice(Timestamp('2019-02-15 09:54:30+0000', tz='UTC'), Timestamp('2019-02-15 10:16:00+0000', tz='UTC'), None);1;2;0;1;0;0;0;0;1;2;0;1
2019-02-15 11:25:30+00:00;2019-02-15 11:52:00+00:00;0 days 00:26:30;slice(Timestamp('2019-02-15 11:25:30+0000', tz='UTC'), Timestamp('2019-02-15 11:52:00+0000', tz='UTC'), None);1;2;0;4;0;0;0;0;1;2;0;4
2019-02-15 12:56:30+00:00;2019-02-15 13:17:30+00:00;0 days 00:21:00;slice(Timestamp('2019-02-15 12:56:30+0000', tz='UTC'), Timestamp('2019-02-15 13:17:30+0000', tz='UTC'), None);1;2;0;1;0;0;0;0;1;2;0;1
2019-02-15 13:38:00+00:00;2019-02-15 15:04:30+00:00;0 days 01:26:30;slice(Timestamp('2019-02-15 13:38:00+0000', tz='UTC'), Timestamp('2019-02-15 15:04:30+0000', tz='UTC'), None);1;1;1;3;0;0;3;3;1;1;1;3
2019-02-15 16:01:30+00:00;2019-02-15 16:32:30+00:00;0 days 00:31:00;slice(Timestamp('2019-02-15 16:01:30+0000', tz='UTC'), Timestamp('2019-02-15 16:32:30+0000', tz='UTC'), None);1;1;1;4;0;0;0;0;1;1;1;4
2019-02-15 17:41:30+00:00;2019-02-15 18:09:30+00:00;0 days 00:28:00;slice(Timestamp('2019-02-15 17:41:30+0000', tz='UTC'), Timestamp('2019-02-15 18:09:30+0000', tz='UTC'), None);1;1;1;6;0;0;0;0;1;1;1;6
2019-02-15 19:09:30+00:00;2019-02-15 19:20:30+00:00;0 days 00:11:00;slice(Timestamp('2019-02-15 19:09:30+0000', tz='UTC'), Timestamp('2019-02-15 19:20:30+0000', tz='UTC'), None);0;0;3;2;0;0;0;0;0;0;3;2
2019-02-15 19:25:30+00:00;2019-02-15 19:49:30+00:00;0 days 00:24:00;slice(Timestamp('2019-02-15 19:25:30+0000', tz='UTC'), Timestamp('2019-02-15 19:49:30+0000', tz='UTC'), None);1;2;4;0;0;0;0;0;1;2;4;0
2019-02-15 20:49:00+00:00;2019-02-15 21:14:30+00:00;0 days 00:25:30;slice(Timestamp('2019-02-15 20:49:00+0000', tz='UTC'), Timestamp('2019-02-15 21:14:30+0000', tz='UTC'), None);1;2;0;1;0;0;0;0;1;2;0;1
2019-02-15 22:44:30+00:00;2019-02-15 23:08:00+00:00;0 days 00:23:30;slice(Timestamp('2019-02-15 22:44:30+0000', tz='UTC'), Timestamp('2019-02-15 23:08:00+0000', tz='UTC'), None);1;2;0;4;0;0;0;0;1;2;0;4
2019-02-16 00:29:00+00:00;2019-02-16 00:52:30+00:00;0 days 00:23:30;slice(Timestamp('2019-02-16 00:29:00+0000', tz='UTC'), Timestamp('2019-02-16 00:52:30+0000', tz='UTC'), None);1;2;0;1;0;0;0;0;1;2;0;1
2019-02-16 02:22:30+00:00;2019-02-16 02:46:00+00:00;0 days 00:23:30;slice(Timestamp('2019-02-16 02:22:30+0000', tz='UTC'), Timestamp('2019-02-16 02:46:00+0000', tz='UTC'), None);1;2;0;4;0;0;0;0;1;2;0;4
2019-02-16 04:11:00+00:00;2019-02-16 04:35:00+00:00;0 days 00:24:00;slice(Timestamp('2019-02-16 04:11:00+0000', tz='UTC'), Timestamp('2019-02-16 04:35:00+0000', tz='UTC'), None);1;2;0;4;0;0;0;0;1;2;0;4
2019-02-16 06:04:00+00:00;2019-02-16 06:27:00+00:00;0 days 00:23:00;slice(Timestamp('2019-02-16 06:04:00+0000', tz='UTC'), Timestamp('2019-02-16 06:27:00+0000', tz='UTC'), None);1;2;0;4;0;0;0;0;1;2;0;4
2019-02-16 07:55:00+00:00;2019-02-16 08:17:30+00:00;0 days 00:22:30;slice(Timestamp('2019-02-16 07:55:00+0000', tz='UTC'), Timestamp('2019-02-16 08:17:30+0000', tz='UTC'), None);1;2;4;0;0;0;0;0;1;2;4;0
2019-02-16 09:38:30+00:00;2019-02-16 10:02:30+00:00;0 days 00:24:00;slice(Timestamp('2019-02-16 09:38:30+0000', tz='UTC'), Timestamp('2019-02-16 10:02:30+0000', tz='UTC'), None);1;2;4;0;0;0;0;0;1;2;4;0
2019-02-16 11:26:30+00:00;2019-02-16 11:50:00+00:00;0 days 00:23:30;slice(Timestamp('2019-02-16 11:26:30+0000', tz='UTC'), Timestamp('2019-02-16 11:50:00+0000', tz='UTC'), None);1;2;4;0;0;0;0;0;1;2;4;0
2019-02-16 12:46:00+00:00;2019-02-16 13:08:30+00:00;0 days 00:22:30;slice(Timestamp('2019-02-16 12:46:00+0000', tz='UTC'), Timestamp('2019-02-16 13:08:30+0000', tz='UTC'), None);1;2;0;1;0;0;0;0;1;2;0;1
2019-02-16 13:26:30+00:00;2019-02-16 14:04:30+00:00;0 days 00:38:00;slice(Timestamp('2019-02-16 13:26:30+0000', tz='UTC'), Timestamp('2019-02-16 14:04:30+0000', tz='UTC'), None);1;2;0;4;0;0;0;0;1;2;0;4
2019-02-16 15:06:30+00:00;2019-02-16 15:14:30+00:00;0 days 00:08:00;slice(Timestamp('2019-02-16 15:06:30+0000', tz='UTC'), Timestamp('2019-02-16 15:14:30+0000', tz='UTC'), None);0;0;3;2;0;0;0;0;0;0;3;2
2019-02-16 15:16:30+00:00;2019-02-16 15:46:00+00:00;0 days 00:29:30;slice(Timestamp('2019-02-16 15:16:30+0000', tz='UTC'), Timestamp('2019-02-16 15:46:00+0000', tz='UTC'), None);1;2;4;4;0;0;0;0;1;2;4;4
2019-02-16 16:10:00+00:00;2019-02-16 16:43:00+00:00;0 days 00:33:00;slice(Timestamp('2019-02-16 16:10:00+0000', tz='UTC'), Timestamp('2019-02-16 16:43:00+0000', tz='UTC'), None);1;2;0;4;0;0;0;0;1;2;0;4
2019-02-16 17:58:30+00:00;2019-02-16 18:27:00+00:00;0 days 00:28:30;slice(Timestamp('2019-02-16 17:58:30+0000', tz='UTC'), Timestamp('2019-02-16 18:27:00+0000', tz='UTC'), None);1;2;0;4;0;0;0;0;1;2;0;4
2019-02-16 19:16:00+00:00;2019-02-16 19:39:30+00:00;0 days 00:23:30;slice(Timestamp('2019-02-16 19:16:00+0000', tz='UTC'), Timestamp('2019-02-16 19:39:30+0000', tz='UTC'), None);1;2;0;4;0;0;0;0;1;2;0;4
2019-02-16 20:31:30+00:00;2019-02-16 20:51:00+00:00;0 days 00:19:30;slice(Timestamp('2019-02-16 20:31:30+0000', tz='UTC'), Timestamp('2019-02-16 20:51:00+0000', tz='UTC'), None);1;2;4;0;0;0;0;0;1;2;4;0
2019-02-16 21:59:00+00:00;2019-02-16 22:21:00+00:00;0 days 00:22:00;slice(Timestamp('2019-02-16 21:59:00+0000', tz='UTC'), Timestamp('2019-02-16 22:21:00+0000', tz='UTC'), None);1;2;0;4;0;0;0;0;1;2;0;4
2019-02-16 23:42:30+00:00;2019-02-17 00:04:00+00:00;0 days 00:21:30;slice(Timestamp('2019-02-16 23:42:30+0000', tz='UTC'), Timestamp('2019-02-17 00:04:00+0000', tz='UTC'), None);1;2;0;1;0;0;0;0;1;2;0;1
2019-02-17 01:19:00+00:00;2019-02-17 01:40:30+00:00;0 days 00:21:30;slice(Timestamp('2019-02-17 01:19:00+0000', tz='UTC'), Timestamp('2019-02-17 01:40:30+0000', tz='UTC'), None);1;2;0;4;0;0;0;0;1;2;0;4
2019-02-17 02:52:30+00:00;2019-02-17 03:12:00+00:00;0 days 00:19:30;slice(Timestamp('2019-02-17 02:52:30+0000', tz='UTC'), Timestamp('2019-02-17 03:12:00+0000', tz='UTC'), None);1;2;0;4;0;0;0;0;1;2;0;4
2019-02-17 03:53:30+00:00;2019-02-17 04:16:30+00:00;0 days 00:23:00;slice(Timestamp('2019-02-17 03:53:30+0000', tz='UTC'), Timestamp('2019-02-17 04:16:30+0000', tz='UTC'), None);1;2;0;4;0;0;0;0;1;2;0;4
2019-02-17 05:24:00+00:00;2019-02-17 05:45:30+00:00;0 days 00:21:30;slice(Timestamp('2019-02-17 05:24:00+0000', tz='UTC'), Timestamp('2019-02-17 05:45:30+0000', tz='UTC'), None);1;2;0;1;0;0;0;0;1;2;0;1
2019-02-17 06:57:30+00:00;2019-02-17 07:10:30+00:00;0 days 00:13:00;slice(Timestamp('2019-02-17 06:57:30+0000', tz='UTC'), Timestamp('2019-02-17 07:10:30+0000', tz='UTC'), None);1;2;3;2;0;0;0;0;1;2;3;2
2019-02-17 07:30:30+00:00;2019-02-17 07:52:00+00:00;0 days 00:21:30;slice(Timestamp('2019-02-17 07:30:30+0000', tz='UTC'), Timestamp('2019-02-17 07:52:00+0000', tz='UTC'), None);1;2;0;4;0;0;0;0;1;2;0;4
2019-02-17 08:57:30+00:00;2019-02-17 09:18:30+00:00;0 days 00:21:00;slice(Timestamp('2019-02-17 08:57:30+0000', tz='UTC'), Timestamp('2019-02-17 09:18:30+0000', tz='UTC'), None);1;2;0;4;0;0;0;0;1;2;0;4
2019-02-17 10:28:00+00:00;2019-02-17 10:49:00+00:00;0 days 00:21:00;slice(Timestamp('2019-02-17 10:28:00+0000', tz='UTC'), Timestamp('2019-02-17 10:49:00+0000', tz='UTC'), None);1;2;0;1;0;0;0;0;1;2;0;1
2019-02-17 12:02:30+00:00;2019-02-17 12:24:30+00:00;0 days 00:22:00;slice(Timestamp('2019-02-17 12:02:30+0000', tz='UTC'), Timestamp('2019-02-17 12:24:30+0000', tz='UTC'), None);1;2;0;1;0;0;0;0;1;2;0;1
2019-02-17 13:07:30+00:00;2019-02-17 15:09:30+00:00;0 days 02:02:00;slice(Timestamp('2019-02-17 13:07:30+0000', tz='UTC'), Timestamp('2019-02-17 15:09:30+0000', tz='UTC'), None);1;2;4;0;0;0;3;3;1;2;4;0
2019-02-17 16:06:00+00:00;2019-02-17 16:47:00+00:00;0 days 00:41:00;slice(Timestamp('2019-02-17 16:06:00+0000', tz='UTC'), Timestamp('2019-02-17 16:47:00+0000', tz='UTC'), None);1;2;0;4;0;0;0;0;1;2;0;4
2019-02-17 18:47:30+00:00;2019-02-17 19:07:00+00:00;0 days 00:19:30;slice(Timestamp('2019-02-17 18:47:30+0000', tz='UTC'), Timestamp('2019-02-17 19:07:00+0000', tz='UTC'), None);1;2;0;1;0;0;0;0;1;2;0;1
2019-02-17 19:26:00+00:00;2019-02-17 19:57:00+00:00;0 days 00:31:00;slice(Timestamp('2019-02-17 19:26:00+0000', tz='UTC'), Timestamp('2019-02-17 19:57:00+0000', tz='UTC'), None);1;1;1;1;0;0;0;0;1;1;1;1
2019-02-17 20:52:30+00:00;2019-02-17 21:14:30+00:00;0 days 00:22:00;slice(Timestamp('2019-02-17 20:52:30+0000', tz='UTC'), Timestamp('2019-02-17 21:14:30+0000', tz='UTC'), None);1;2;4;0;0;0;0;0;1;2;4;0
2019-02-17 22:50:30+00:00;2019-02-17 23:05:30+00:00;0 days 00:15:00;slice(Timestamp('2019-02-17 22:50:30+0000', tz='UTC'), Timestamp('2019-02-17 23:05:30+0000', tz='UTC'), None);0;2;3;2;0;0;0;0;0;2;3;2
2019-02-17 23:41:30+00:00;2019-02-18 00:08:00+00:00;0 days 00:26:30;slice(Timestamp('2019-02-17 23:41:30+0000', tz='UTC'), Timestamp('2019-02-18 00:08:00+0000', tz='UTC'), None);1;2;0;4;0;0;0;0;1;2;0;4
2019-02-18 01:47:30+00:00;2019-02-18 02:13:00+00:00;0 days 00:25:30;slice(Timestamp('2019-02-18 01:47:30+0000', tz='UTC'), Timestamp('2019-02-18 02:13:00+0000', tz='UTC'), None);1;2;0;4;0;0;0;0;1;2;0;4
2019-02-18 03:55:00+00:00;2019-02-18 04:20:00+00:00;0 days 00:25:00;slice(Timestamp('2019-02-18 03:55:00+0000', tz='UTC'), Timestamp('2019-02-18 04:20:00+0000', tz='UTC'), None);1;2;0;4;0;0;0;0;1;2;0;4
2019-02-18 05:59:30+00:00;2019-02-18 06:24:30+00:00;0 days 00:25:00;slice(Timestamp('2019-02-18 05:59:30+0000', tz='UTC'), Timestamp('2019-02-18 06:24:30+0000', tz='UTC'), None);1;2;0;4;0;0;0;0;1;2;0;4
2019-02-18 08:04:00+00:00;2019-02-18 08:29:30+00:00;0 days 00:25:30;slice(Timestamp('2019-02-18 08:04:00+0000', tz='UTC'), Timestamp('2019-02-18 08:29:30+0000', tz='UTC'), None);1;2;0;4;0;0;0;0;1;2;0;4
2019-02-18 10:02:00+00:00;2019-02-18 10:26:30+00:00;0 days 00:24:30;slice(Timestamp('2019-02-18 10:02:00+0000', tz='UTC'), Timestamp('2019-02-18 10:26:30+0000', tz='UTC'), None);1;2;4;0;0;0;0;0;1;2;4;0
2019-02-18 11:46:30+00:00;2019-02-18 12:12:30+00:00;0 days 00:26:00;slice(Timestamp('2019-02-18 11:46:30+0000', tz='UTC'), Timestamp('2019-02-18 12:12:30+0000', tz='UTC'), None);1;2;0;4;0;0;0;0;1;2;0;4
2019-02-18 13:31:30+00:00;2019-02-18 13:55:30+00:00;0 days 00:24:00;slice(Timestamp('2019-02-18 13:31:30+0000', tz='UTC'), Timestamp('2019-02-18 13:55:30+0000', tz='UTC'), None);1;2;4;0;0;0;0;0;1;2;4;0
2019-02-18 15:09:30+00:00;2019-02-18 16:17:00+00:00;0 days 01:07:30;slice(Timestamp('2019-02-18 15:09:30+0000', tz='UTC'), Timestamp('2019-02-18 16:17:00+0000', tz='UTC'), None);1;1;1;3;0;0;3;3;1;1;1;3
2019-02-18 17:39:30+00:00;2019-02-18 18:08:30+00:00;0 days 00:29:00;slice(Timestamp('2019-02-18 17:39:30+0000', tz='UTC'), Timestamp('2019-02-18 18:08:30+0000', tz='UTC'), None);1;2;0;1;0;0;0;0;1;2;0;1
2019-02-18 19:20:30+00:00;2019-02-18 19:56:00+00:00;0 days 00:35:30;slice(Timestamp('2019-02-18 19:20:30+0000', tz='UTC'), Timestamp('2019-02-18 19:56:00+0000', tz='UTC'), None);1;2;0;1;0;0;0;0;1;2;0;1
2019-02-18 20:57:30+00:00;2019-02-18 21:17:00+00:00;0 days 00:19:30;slice(Timestamp('2019-02-18 20:57:30+0000', tz='UTC'), Timestamp('2019-02-18 21:17:00+0000', tz='UTC'), None);1;2;4;0;0;0;0;0;1;2;4;0
2019-02-18 22:07:30+00:00;2019-02-18 22:21:30+00:00;0 days 00:14:00;slice(Timestamp('2019-02-18 22:07:30+0000', tz='UTC'), Timestamp('2019-02-18 22:21:30+0000', tz='UTC'), None);1;2;3;2;0;0;0;0;1;2;3;2
2019-02-18 23:53:30+00:00;2019-02-19 00:13:00+00:00;0 days 00:19:30;slice(Timestamp('2019-02-18 23:53:30+0000', tz='UTC'), Timestamp('2019-02-19 00:13:00+0000', tz='UTC'), None);1;2;0;4;0;0;0;0;1;2;0;4
2019-02-19 01:33:00+00:00;2019-02-19 01:52:00+00:00;0 days 00:19:00;slice(Timestamp('2019-02-19 01:33:00+0000', tz='UTC'), Timestamp('2019-02-19 01:52:00+0000', tz='UTC'), None);1;2;0;4;0;0;0;0;1;2;0;4
2019-02-19 03:06:00+00:00;2019-02-19 03:26:00+00:00;0 days 00:20:00;slice(Timestamp('2019-02-19 03:06:00+0000', tz='UTC'), Timestamp('2019-02-19 03:26:00+0000', tz='UTC'), None);1;2;0;4;0;0;0;0;1;2;0;4
2019-02-19 04:38:00+00:00;2019-02-19 04:56:30+00:00;0 days 00:18:30;slice(Timestamp('2019-02-19 04:38:00+0000', tz='UTC'), Timestamp('2019-02-19 04:56:30+0000', tz='UTC'), None);1;2;0;4;0;0;0;0;1;2;0;4
2019-02-19 06:08:30+00:00;2019-02-19 06:26:30+00:00;0 days 00:18:00;slice(Timestamp('2019-02-19 06:08:30+0000', tz='UTC'), Timestamp('2019-02-19 06:26:30+0000', tz='UTC'), None);1;2;4;0;0;0;0;0;1;2;4;0
2019-02-19 07:38:30+00:00;2019-02-19 07:57:00+00:00;0 days 00:18:30;slice(Timestamp('2019-02-19 07:38:30+0000', tz='UTC'), Timestamp('2019-02-19 07:57:00+0000', tz='UTC'), None);1;2;0;4;0;0;0;0;1;2;0;4
2019-02-19 09:06:00+00:00;2019-02-19 09:25:00+00:00;0 days 00:19:00;slice(Timestamp('2019-02-19 09:06:00+0000', tz='UTC'), Timestamp('2019-02-19 09:25:00+0000', tz='UTC'), None);1;2;4;0;0;0;0;0;1;2;4;0
2019-02-19 10:30:30+00:00;2019-02-19 10:50:30+00:00;0 days 00:20:00;slice(Timestamp('2019-02-19 10:30:30+0000', tz='UTC'), Timestamp('2019-02-19 10:50:30+0000', tz='UTC'), None);1;2;0;4;0;0;0;0;1;2;0;4
2019-02-19 10:52:00+00:00;2019-02-19 10:53:30+00:00;0 days 00:01:30;slice(Timestamp('2019-02-19 10:52:00+0000', tz='UTC'), Timestamp('2019-02-19 10:53:30+0000', tz='UTC'), None);0;0;2;5;0;2;2;2;0;0;2;5
2019-02-19 11:48:30+00:00;2019-02-19 12:08:30+00:00;0 days 00:20:00;slice(Timestamp('2019-02-19 11:48:30+0000', tz='UTC'), Timestamp('2019-02-19 12:08:30+0000', tz='UTC'), None);1;2;0;4;0;0;0;0;1;2;0;4
2019-02-19 12:37:30+00:00;2019-02-19 12:54:30+00:00;0 days 00:17:00;slice(Timestamp('2019-02-19 12:37:30+0000', tz='UTC'), Timestamp('2019-02-19 12:54:30+0000', tz='UTC'), None);1;2;0;4;0;0;0;0;1;2;0;4
2019-02-19 13:19:30+00:00;2019-02-19 13:25:30+00:00;0 days 00:06:00;slice(Timestamp('2019-02-19 13:19:30+0000', tz='UTC'), Timestamp('2019-02-19 13:25:30+0000', tz='UTC'), None);0;0;3;2;0;0;4;0;0;0;3;2
2019-02-19 13:33:30+00:00;2019-02-19 13:56:00+00:00;0 days 00:22:30;slice(Timestamp('2019-02-19 13:33:30+0000', tz='UTC'), Timestamp('2019-02-19 13:56:00+0000', tz='UTC'), None);1;2;0;4;0;0;0;0;1;2;0;4
2019-02-19 14:33:30+00:00;2019-02-19 17:26:30+00:00;0 days 02:53:00;slice(Timestamp('2019-02-19 14:33:30+0000', tz='UTC'), Timestamp('2019-02-19 17:26:30+0000', tz='UTC'), None);1;1;1;3;0;0;3;3;1;1;1;3
2019-02-19 19:55:30+00:00;2019-02-19 20:17:00+00:00;0 days 00:21:30;slice(Timestamp('2019-02-19 19:55:30+0000', tz='UTC'), Timestamp('2019-02-19 20:17:00+0000', tz='UTC'), None);1;2;0;1;0;0;0;0;1;2;0;1
2019-02-19 21:23:00+00:00;2019-02-19 21:38:30+00:00;0 days 00:15:30;slice(Timestamp('2019-02-19 21:23:00+0000', tz='UTC'), Timestamp('2019-02-19 21:38:30+0000', tz='UTC'), None);1;2;0;1;0;0;0;0;1;2;0;1
2019-02-19 22:50:00+00:00;2019-02-19 23:09:30+00:00;0 days 00:19:30;slice(Timestamp('2019-02-19 22:50:00+0000', tz='UTC'), Timestamp('2019-02-19 23:09:30+0000', tz='UTC'), None);1;2;0;1;0;0;0;0;1;2;0;1
2019-02-20 00:26:00+00:00;2019-02-20 00:44:30+00:00;0 days 00:18:30;slice(Timestamp('2019-02-20 00:26:00+0000', tz='UTC'), Timestamp('2019-02-20 00:44:30+0000', tz='UTC'), None);1;2;0;4;0;0;0;0;1;2;0;4
2019-02-20 01:58:00+00:00;2019-02-20 02:16:30+00:00;0 days 00:18:30;slice(Timestamp('2019-02-20 01:58:00+0000', tz='UTC'), Timestamp('2019-02-20 02:16:30+0000', tz='UTC'), None);1;2;4;1;0;0;0;0;1;2;4;1
2019-02-20 03:25:00+00:00;2019-02-20 03:43:30+00:00;0 days 00:18:30;slice(Timestamp('2019-02-20 03:25:00+0000', tz='UTC'), Timestamp('2019-02-20 03:43:30+0000', tz='UTC'), None);1;2;0;1;0;0;0;0;1;2;0;1
2019-02-20 04:52:00+00:00;2019-02-20 05:12:30+00:00;0 days 00:20:30;slice(Timestamp('2019-02-20 04:52:00+0000', tz='UTC'), Timestamp('2019-02-20 05:12:30+0000', tz='UTC'), None);1;2;4;0;0;0;0;0;1;2;4;0
2019-02-20 06:20:00+00:00;2019-02-20 06:38:00+00:00;0 days 00:18:00;slice(Timestamp('2019-02-20 06:20:00+0000', tz='UTC'), Timestamp('2019-02-20 06:38:00+0000', tz='UTC'), None);1;2;0;4;0;0;0;0;1;2;0;4
2019-02-20 07:43:30+00:00;2019-02-20 08:00:30+00:00;0 days 00:17:00;slice(Timestamp('2019-02-20 07:43:30+0000', tz='UTC'), Timestamp('2019-02-20 08:00:30+0000', tz='UTC'), None);1;2;0;1;0;0;0;0;1;2;0;1
2019-02-20 09:04:00+00:00;2019-02-20 09:24:00+00:00;0 days 00:20:00;slice(Timestamp('2019-02-20 09:04:00+0000', tz='UTC'), Timestamp('2019-02-20 09:24:00+0000', tz='UTC'), None);1;2;4;0;0;0;0;0;1;2;4;0
2019-02-20 10:27:30+00:00;2019-02-20 10:48:30+00:00;0 days 00:21:00;slice(Timestamp('2019-02-20 10:27:30+0000', tz='UTC'), Timestamp('2019-02-20 10:48:30+0000', tz='UTC'), None);1;2;0;4;0;0;0;0;1;2;0;4
2019-02-20 11:16:00+00:00;2019-02-20 11:35:30+00:00;0 days 00:19:30;slice(Timestamp('2019-02-20 11:16:00+0000', tz='UTC'), Timestamp('2019-02-20 11:35:30+0000', tz='UTC'), None);1;2;0;4;0;0;0;0;1;2;0;4
2019-02-20 12:29:30+00:00;2019-02-20 12:50:30+00:00;0 days 00:21:00;slice(Timestamp('2019-02-20 12:29:30+0000', tz='UTC'), Timestamp('2019-02-20 12:50:30+0000', tz='UTC'), None);1;2;0;4;0;0;0;0;1;2;0;4
2019-02-20 13:52:30+00:00;2019-02-20 14:12:00+00:00;0 days 00:19:30;slice(Timestamp('2019-02-20 13:52:30+0000', tz='UTC'), Timestamp('2019-02-20 14:12:00+0000', tz='UTC'), None);1;2;0;1;0;0;0;0;1;2;0;1
2019-02-20 15:22:30+00:00;2019-02-20 15:43:00+00:00;0 days 00:20:30;slice(Timestamp('2019-02-20 15:22:30+0000', tz='UTC'), Timestamp('2019-02-20 15:43:00+0000', tz='UTC'), None);1;2;0;1;0;0;0;0;1;2;0;1
2019-02-20 16:17:30+00:00;2019-02-20 17:03:00+00:00;0 days 00:45:30;slice(Timestamp('2019-02-20 16:17:30+0000', tz='UTC'), Timestamp('2019-02-20 17:03:00+0000', tz='UTC'), None);1;1;1;3;0;0;0;0;1;1;1;3
2019-02-20 17:49:30+00:00;2019-02-20 18:15:30+00:00;0 days 00:26:00;slice(Timestamp('2019-02-20 17:49:30+0000', tz='UTC'), Timestamp('2019-02-20 18:15:30+0000', tz='UTC'), None);1;2;4;0;0;0;0;0;1;2;4;0
2019-02-20 19:06:30+00:00;2019-02-20 19:32:00+00:00;0 days 00:25:30;slice(Timestamp('2019-02-20 19:06:30+0000', tz='UTC'), Timestamp('2019-02-20 19:32:00+0000', tz='UTC'), None);1;2;0;4;0;0;0;0;1;2;0;4
2019-02-20 20:08:00+00:00;2019-02-20 20:27:30+00:00;0 days 00:19:30;slice(Timestamp('2019-02-20 20:08:00+0000', tz='UTC'), Timestamp('2019-02-20 20:27:30+0000', tz='UTC'), None);1;2;0;4;0;0;0;0;1;2;0;4
2019-02-20 21:51:00+00:00;2019-02-20 22:14:30+00:00;0 days 00:23:30;slice(Timestamp('2019-02-20 21:51:00+0000', tz='UTC'), Timestamp('2019-02-20 22:14:30+0000', tz='UTC'), None);1;1;1;1;0;0;0;0;1;1;1;1
2019-02-20 23:06:00+00:00;2019-02-21 00:32:30+00:00;0 days 01:26:30;slice(Timestamp('2019-02-20 23:06:00+0000', tz='UTC'), Timestamp('2019-02-21 00:32:30+0000', tz='UTC'), None);1;1;1;3;0;0;3;3;1;1;1;3
2019-02-21 01:26:30+00:00;2019-02-21 01:55:00+00:00;0 days 00:28:30;slice(Timestamp('2019-02-21 01:26:30+0000', tz='UTC'), Timestamp('2019-02-21 01:55:00+0000', tz='UTC'), None);1;2;0;1;0;0;0;0;1;2;0;1
2019-02-21 03:13:30+00:00;2019-02-21 03:41:00+00:00;0 days 00:27:30;slice(Timestamp('2019-02-21 03:13:30+0000', tz='UTC'), Timestamp('2019-02-21 03:41:00+0000', tz='UTC'), None);1;2;0;4;0;0;0;0;1;2;0;4
2019-02-21 05:15:00+00:00;2019-02-21 05:41:30+00:00;0 days 00:26:30;slice(Timestamp('2019-02-21 05:15:00+0000', tz='UTC'), Timestamp('2019-02-21 05:41:30+0000', tz='UTC'), None);1;2;4;0;0;0;0;0;1;2;4;0
2019-02-21 07:19:30+00:00;2019-02-21 07:48:00+00:00;0 days 00:28:30;slice(Timestamp('2019-02-21 07:19:30+0000', tz='UTC'), Timestamp('2019-02-21 07:48:00+0000', tz='UTC'), None);1;2;0;4;0;0;0;0;1;2;0;4
2019-02-21 09:30:30+00:00;2019-02-21 09:57:00+00:00;0 days 00:26:30;slice(Timestamp('2019-02-21 09:30:30+0000', tz='UTC'), Timestamp('2019-02-21 09:57:00+0000', tz='UTC'), None);1;2;4;0;0;0;0;0;1;2;4;0
2019-02-21 11:28:30+00:00;2019-02-21 11:57:30+00:00;0 days 00:29:00;slice(Timestamp('2019-02-21 11:28:30+0000', tz='UTC'), Timestamp('2019-02-21 11:57:30+0000', tz='UTC'), None);1;2;0;4;0;0;0;0;1;2;0;4
2019-02-21 13:04:30+00:00;2019-02-21 13:28:00+00:00;0 days 00:23:30;slice(Timestamp('2019-02-21 13:04:30+0000', tz='UTC'), Timestamp('2019-02-21 13:28:00+0000', tz='UTC'), None);1;2;0;4;0;0;0;0;1;2;0;4
2019-02-21 15:05:30+00:00;2019-02-21 15:32:00+00:00;0 days 00:26:30;slice(Timestamp('2019-02-21 15:05:30+0000', tz='UTC'), Timestamp('2019-02-21 15:32:00+0000', tz='UTC'), None);1;2;0;1;0;0;0;0;1;2;0;1
2019-02-21 17:06:00+00:00;2019-02-21 17:39:00+00:00;0 days 00:33:00;slice(Timestamp('2019-02-21 17:06:00+0000', tz='UTC'), Timestamp('2019-02-21 17:39:00+0000', tz='UTC'), None);1;1;1;1;0;0;0;0;1;1;1;1
2019-02-21 18:55:30+00:00;2019-02-21 19:24:30+00:00;0 days 00:29:00;slice(Timestamp('2019-02-21 18:55:30+0000', tz='UTC'), Timestamp('2019-02-21 19:24:30+0000', tz='UTC'), None);1;2;0;4;0;0;0;0;1;2;0;4
2019-02-21 19:53:00+00:00;2019-02-21 20:15:30+00:00;0 days 00:22:30;slice(Timestamp('2019-02-21 19:53:00+0000', tz='UTC'), Timestamp('2019-02-21 20:15:30+0000', tz='UTC'), None);1;2;4;0;0;0;0;0;1;2;4;0
2019-02-21 21:53:00+00:00;2019-02-21 22:17:00+00:00;0 days 00:24:00;slice(Timestamp('2019-02-21 21:53:00+0000', tz='UTC'), Timestamp('2019-02-21 22:17:00+0000', tz='UTC'), None);1;2;4;0;0;0;0;0;1;2;4;0
2019-02-21 23:38:30+00:00;2019-02-22 00:02:00+00:00;0 days 00:23:30;slice(Timestamp('2019-02-21 23:38:30+0000', tz='UTC'), Timestamp('2019-02-22 00:02:00+0000', tz='UTC'), None);1;2;0;1;0;0;0;0;1;2;0;1
2019-02-22 01:27:30+00:00;2019-02-22 01:51:00+00:00;0 days 00:23:30;slice(Timestamp('2019-02-22 01:27:30+0000', tz='UTC'), Timestamp('2019-02-22 01:51:00+0000', tz='UTC'), None);1;2;0;4;0;0;0;0;1;2;0;4
2019-02-22 03:15:00+00:00;2019-02-22 03:37:00+00:00;0 days 00:22:00;slice(Timestamp('2019-02-22 03:15:00+0000', tz='UTC'), Timestamp('2019-02-22 03:37:00+0000', tz='UTC'), None);1;2;0;1;0;0;0;0;1;2;0;1
2019-02-22 04:57:00+00:00;2019-02-22 05:20:30+00:00;0 days 00:23:30;slice(Timestamp('2019-02-22 04:57:00+0000', tz='UTC'), Timestamp('2019-02-22 05:20:30+0000', tz='UTC'), None);1;2;4;0;0;0;0;0;1;2;4;0
2019-02-22 06:44:00+00:00;2019-02-22 07:05:30+00:00;0 days 00:21:30;slice(Timestamp('2019-02-22 06:44:00+0000', tz='UTC'), Timestamp('2019-02-22 07:05:30+0000', tz='UTC'), None);1;2;0;1;0;0;0;0;1;2;0;1
2019-02-22 08:29:00+00:00;2019-02-22 08:50:30+00:00;0 days 00:21:30;slice(Timestamp('2019-02-22 08:29:00+0000', tz='UTC'), Timestamp('2019-02-22 08:50:30+0000', tz='UTC'), None);1;2;0;1;0;0;0;0;1;2;0;1
2019-02-22 10:09:00+00:00;2019-02-22 10:34:00+00:00;0 days 00:25:00;slice(Timestamp('2019-02-22 10:09:00+0000', tz='UTC'), Timestamp('2019-02-22 10:34:00+0000', tz='UTC'), None);1;2;4;0;0;0;0;0;1;2;4;0
2019-02-22 11:36:00+00:00;2019-02-22 11:59:00+00:00;0 days 00:23:00;slice(Timestamp('2019-02-22 11:36:00+0000', tz='UTC'), Timestamp('2019-02-22 11:59:00+0000', tz='UTC'), None);1;2;0;1;0;0;0;0;1;2;0;1
2019-02-22 13:04:00+00:00;2019-02-22 13:27:30+00:00;0 days 00:23:30;slice(Timestamp('2019-02-22 13:04:00+0000', tz='UTC'), Timestamp('2019-02-22 13:27:30+0000', tz='UTC'), None);1;2;0;4;0;0;0;0;1;2;0;4
2019-02-22 14:33:00+00:00;2019-02-22 14:54:00+00:00;0 days 00:21:00;slice(Timestamp('2019-02-22 14:33:00+0000', tz='UTC'), Timestamp('2019-02-22 14:54:00+0000', tz='UTC'), None);1;2;4;0;0;0;0;0;1;2;4;0
2019-02-22 15:11:00+00:00;2019-02-22 15:18:30+00:00;0 days 00:07:30;slice(Timestamp('2019-02-22 15:11:00+0000', tz='UTC'), Timestamp('2019-02-22 15:18:30+0000', tz='UTC'), None);0;0;3;2;0;0;4;0;0;0;3;2
2019-02-22 15:20:30+00:00;2019-02-22 16:13:30+00:00;0 days 00:53:00;slice(Timestamp('2019-02-22 15:20:30+0000', tz='UTC'), Timestamp('2019-02-22 16:13:30+0000', tz='UTC'), None);1;1;1;3;0;0;3;3;1;1;1;3
2019-02-22 17:04:00+00:00;2019-02-22 17:29:00+00:00;0 days 00:25:00;slice(Timestamp('2019-02-22 17:04:00+0000', tz='UTC'), Timestamp('2019-02-22 17:29:00+0000', tz='UTC'), None);1;2;4;0;0;0;0;0;1;2;4;0
2019-02-22 18:43:30+00:00;2019-02-22 19:07:30+00:00;0 days 00:24:00;slice(Timestamp('2019-02-22 18:43:30+0000', tz='UTC'), Timestamp('2019-02-22 19:07:30+0000', tz='UTC'), None);1;2;0;4;0;0;0;0;1;2;0;4
2019-02-22 20:18:00+00:00;2019-02-22 20:41:30+00:00;0 days 00:23:30;slice(Timestamp('2019-02-22 20:18:00+0000', tz='UTC'), Timestamp('2019-02-22 20:41:30+0000', tz='UTC'), None);1;2;0;1;0;0;0;0;1;2;0;1
2019-02-22 21:49:30+00:00;2019-02-23 11:22:30+00:00;0 days 13:33:00;slice(Timestamp('2019-02-22 21:49:30+0000', tz='UTC'), Timestamp('2019-02-23 11:22:30+0000', tz='UTC'), None);1;1;1;3;1;1;1;1;1;1;1;3
2019-02-23 13:30:30+00:00;2019-02-23 14:01:00+00:00;0 days 00:30:30;slice(Timestamp('2019-02-23 13:30:30+0000', tz='UTC'), Timestamp('2019-02-23 14:01:00+0000', tz='UTC'), None);1;2;0;4;0;0;0;0;1;2;0;4
2019-02-23 15:37:30+00:00;2019-02-23 16:03:00+00:00;0 days 00:25:30;slice(Timestamp('2019-02-23 15:37:30+0000', tz='UTC'), Timestamp('2019-02-23 16:03:00+0000', tz='UTC'), None);1;2;0;1;0;0;0;0;1;2;0;1
2019-02-23 17:41:30+00:00;2019-02-23 18:09:00+00:00;0 days 00:27:30;slice(Timestamp('2019-02-23 17:41:30+0000', tz='UTC'), Timestamp('2019-02-23 18:09:00+0000', tz='UTC'), None);1;1;1;3;0;0;0;0;1;1;1;3
2019-02-23 19:05:00+00:00;2019-02-23 19:30:00+00:00;0 days 00:25:00;slice(Timestamp('2019-02-23 19:05:00+0000', tz='UTC'), Timestamp('2019-02-23 19:30:00+0000', tz='UTC'), None);1;2;0;4;0;0;0;0;1;2;0;4
2019-02-23 21:09:00+00:00;2019-02-23 21:34:30+00:00;0 days 00:25:30;slice(Timestamp('2019-02-23 21:09:00+0000', tz='UTC'), Timestamp('2019-02-23 21:34:30+0000', tz='UTC'), None);1;2;0;1;0;0;0;0;1;2;0;1
2019-02-23 23:03:30+00:00;2019-02-23 23:27:30+00:00;0 days 00:24:00;slice(Timestamp('2019-02-23 23:03:30+0000', tz='UTC'), Timestamp('2019-02-23 23:27:30+0000', tz='UTC'), None);1;2;0;1;0;0;0;0;1;2;0;1
2019-02-24 00:55:30+00:00;2019-02-24 01:18:30+00:00;0 days 00:23:00;slice(Timestamp('2019-02-24 00:55:30+0000', tz='UTC'), Timestamp('2019-02-24 01:18:30+0000', tz='UTC'), None);1;2;0;1;0;0;0;0;1;2;0;1
2019-02-24 02:42:30+00:00;2019-02-24 03:05:30+00:00;0 days 00:23:00;slice(Timestamp('2019-02-24 02:42:30+0000', tz='UTC'), Timestamp('2019-02-24 03:05:30+0000', tz='UTC'), None);1;2;0;4;0;0;0;0;1;2;0;4
2019-02-24 04:28:30+00:00;2019-02-24 04:51:00+00:00;0 days 00:22:30;slice(Timestamp('2019-02-24 04:28:30+0000', tz='UTC'), Timestamp('2019-02-24 04:51:00+0000', tz='UTC'), None);1;2;0;1;0;0;0;0;1;2;0;1
2019-02-24 06:13:30+00:00;2019-02-24 06:20:30+00:00;0 days 00:07:00;slice(Timestamp('2019-02-24 06:13:30+0000', tz='UTC'), Timestamp('2019-02-24 06:20:30+0000', tz='UTC'), None);0;0;3;2;0;0;0;0;0;0;3;2
2019-02-24 06:23:00+00:00;2019-02-24 06:46:30+00:00;0 days 00:23:30;slice(Timestamp('2019-02-24 06:23:00+0000', tz='UTC'), Timestamp('2019-02-24 06:46:30+0000', tz='UTC'), None);1;2;4;0;0;0;0;0;1;2;4;0
2019-02-24 08:12:00+00:00;2019-02-24 08:34:30+00:00;0 days 00:22:30;slice(Timestamp('2019-02-24 08:12:00+0000', tz='UTC'), Timestamp('2019-02-24 08:34:30+0000', tz='UTC'), None);1;2;4;0;0;0;0;0;1;2;4;0
2019-02-24 09:56:30+00:00;2019-02-24 10:20:30+00:00;0 days 00:24:00;slice(Timestamp('2019-02-24 09:56:30+0000', tz='UTC'), Timestamp('2019-02-24 10:20:30+0000', tz='UTC'), None);1;2;4;0;0;0;0;0;1;2;4;0
2019-02-24 11:18:00+00:00;2019-02-24 11:42:30+00:00;0 days 00:24:30;slice(Timestamp('2019-02-24 11:18:00+0000', tz='UTC'), Timestamp('2019-02-24 11:42:30+0000', tz='UTC'), None);1;2;0;1;0;0;0;0;1;2;0;1
2019-02-24 12:52:00+00:00;2019-02-24 13:14:00+00:00;0 days 00:22:00;slice(Timestamp('2019-02-24 12:52:00+0000', tz='UTC'), Timestamp('2019-02-24 13:14:00+0000', tz='UTC'), None);1;2;0;1;0;0;0;0;1;2;0;1
2019-02-24 14:22:00+00:00;2019-02-24 14:44:30+00:00;0 days 00:22:30;slice(Timestamp('2019-02-24 14:22:00+0000', tz='UTC'), Timestamp('2019-02-24 14:44:30+0000', tz='UTC'), None);1;2;0;4;0;0;0;0;1;2;0;4
2019-02-24 15:18:00+00:00;2019-02-24 16:42:00+00:00;0 days 01:24:00;slice(Timestamp('2019-02-24 15:18:00+0000', tz='UTC'), Timestamp('2019-02-24 16:42:00+0000', tz='UTC'), None);1;1;1;3;0;0;3;3;1;1;1;3
2019-02-24 18:34:00+00:00;2019-02-24 19:10:30+00:00;0 days 00:36:30;slice(Timestamp('2019-02-24 18:34:00+0000', tz='UTC'), Timestamp('2019-02-24 19:10:30+0000', tz='UTC'), None);1;1;1;3;0;0;0;0;1;1;1;3
2019-02-24 20:06:30+00:00;2019-02-24 20:29:30+00:00;0 days 00:23:00;slice(Timestamp('2019-02-24 20:06:30+0000', tz='UTC'), Timestamp('2019-02-24 20:29:30+0000', tz='UTC'), None);1;2;4;0;0;0;0;0;1;2;4;0
2019-02-24 22:01:30+00:00;2019-02-24 22:16:30+00:00;0 days 00:15:00;slice(Timestamp('2019-02-24 22:01:30+0000', tz='UTC'), Timestamp('2019-02-24 22:16:30+0000', tz='UTC'), None);1;2;3;4;0;0;0;0;1;2;3;4
2019-02-24 22:18:00+00:00;2019-02-24 22:39:00+00:00;0 days 00:21:00;slice(Timestamp('2019-02-24 22:18:00+0000', tz='UTC'), Timestamp('2019-02-24 22:39:00+0000', tz='UTC'), None);1;2;0;4;0;0;0;0;1;2;0;4
2019-02-25 09:59:30+00:00;2019-02-25 10:46:00+00:00;0 days 00:46:30;slice(Timestamp('2019-02-25 09:59:30+0000', tz='UTC'), Timestamp('2019-02-25 10:46:00+0000', tz='UTC'), None);1;1;1;3;0;0;0;0;1;1;1;3
2019-02-25 11:04:30+00:00;2019-02-25 11:32:30+00:00;0 days 00:28:00;slice(Timestamp('2019-02-25 11:04:30+0000', tz='UTC'), Timestamp('2019-02-25 11:32:30+0000', tz='UTC'), None);1;2;0;4;0;0;0;0;1;2;0;4
2019-02-25 11:55:30+00:00;2019-02-25 12:19:00+00:00;0 days 00:23:30;slice(Timestamp('2019-02-25 11:55:30+0000', tz='UTC'), Timestamp('2019-02-25 12:19:00+0000', tz='UTC'), None);1;2;0;1;0;0;0;0;1;2;0;1
2019-02-25 12:57:30+00:00;2019-02-25 13:19:00+00:00;0 days 00:21:30;slice(Timestamp('2019-02-25 12:57:30+0000', tz='UTC'), Timestamp('2019-02-25 13:19:00+0000', tz='UTC'), None);1;2;0;4;0;0;0;0;1;2;0;4
2019-02-25 13:48:30+00:00;2019-02-25 14:12:00+00:00;0 days 00:23:30;slice(Timestamp('2019-02-25 13:48:30+0000', tz='UTC'), Timestamp('2019-02-25 14:12:00+0000', tz='UTC'), None);1;2;0;4;0;0;0;0;1;2;0;4
2019-02-25 14:57:00+00:00;2019-02-25 15:38:30+00:00;0 days 00:41:30;slice(Timestamp('2019-02-25 14:57:00+0000', tz='UTC'), Timestamp('2019-02-25 15:38:30+0000', tz='UTC'), None);1;2;4;1;0;0;0;0;1;2;4;1
2019-02-25 16:16:00+00:00;2019-02-25 16:27:00+00:00;0 days 00:11:00;slice(Timestamp('2019-02-25 16:16:00+0000', tz='UTC'), Timestamp('2019-02-25 16:27:00+0000', tz='UTC'), None);0;2;3;2;0;0;0;0;0;2;3;2
2019-02-25 16:30:00+00:00;2019-02-25 16:55:00+00:00;0 days 00:25:00;slice(Timestamp('2019-02-25 16:30:00+0000', tz='UTC'), Timestamp('2019-02-25 16:55:00+0000', tz='UTC'), None);1;2;4;0;0;0;0;0;1;2;4;0
2019-02-25 18:03:30+00:00;2019-02-25 18:29:30+00:00;0 days 00:26:00;slice(Timestamp('2019-02-25 18:03:30+0000', tz='UTC'), Timestamp('2019-02-25 18:29:30+0000', tz='UTC'), None);1;2;0;4;0;0;0;0;1;2;0;4
2019-02-25 19:26:00+00:00;2019-02-25 19:52:00+00:00;0 days 00:26:00;slice(Timestamp('2019-02-25 19:26:00+0000', tz='UTC'), Timestamp('2019-02-25 19:52:00+0000', tz='UTC'), None);1;2;0;1;0;0;0;0;1;2;0;1
2019-02-25 20:30:30+00:00;2019-02-25 21:06:30+00:00;0 days 00:36:00;slice(Timestamp('2019-02-25 20:30:30+0000', tz='UTC'), Timestamp('2019-02-25 21:06:30+0000', tz='UTC'), None);1;1;1;1;0;0;0;0;1;1;1;1
2019-02-25 23:05:00+00:00;2019-02-25 23:27:00+00:00;0 days 00:22:00;slice(Timestamp('2019-02-25 23:05:00+0000', tz='UTC'), Timestamp('2019-02-25 23:27:00+0000', tz='UTC'), None);1;2;0;1;0;0;0;0;1;2;0;1
2019-02-26 00:54:00+00:00;2019-02-26 01:15:00+00:00;0 days 00:21:00;slice(Timestamp('2019-02-26 00:54:00+0000', tz='UTC'), Timestamp('2019-02-26 01:15:00+0000', tz='UTC'), None);1;2;4;1;0;0;0;0;1;2;4;1
2019-02-26 02:36:00+00:00;2019-02-26 02:58:30+00:00;0 days 00:22:30;slice(Timestamp('2019-02-26 02:36:00+0000', tz='UTC'), Timestamp('2019-02-26 02:58:30+0000', tz='UTC'), None);1;2;4;0;0;0;0;0;1;2;4;0
2019-02-26 04:17:30+00:00;2019-02-26 04:23:00+00:00;0 days 00:05:30;slice(Timestamp('2019-02-26 04:17:30+0000', tz='UTC'), Timestamp('2019-02-26 04:23:00+0000', tz='UTC'), None);0;0;3;2;0;0;0;0;0;0;3;2
2019-02-26 04:24:30+00:00;2019-02-26 04:47:00+00:00;0 days 00:22:30;slice(Timestamp('2019-02-26 04:24:30+0000', tz='UTC'), Timestamp('2019-02-26 04:47:00+0000', tz='UTC'), None);1;2;0;4;0;0;0;0;1;2;0;4
2019-02-26 06:04:30+00:00;2019-02-26 06:25:00+00:00;0 days 00:20:30;slice(Timestamp('2019-02-26 06:04:30+0000', tz='UTC'), Timestamp('2019-02-26 06:25:00+0000', tz='UTC'), None);1;2;0;4;0;0;0;0;1;2;0;4
2019-02-26 07:41:30+00:00;2019-02-26 08:03:30+00:00;0 days 00:22:00;slice(Timestamp('2019-02-26 07:41:30+0000', tz='UTC'), Timestamp('2019-02-26 08:03:30+0000', tz='UTC'), None);1;2;0;4;0;0;0;0;1;2;0;4
2019-02-26 09:19:00+00:00;2019-02-26 09:40:00+00:00;0 days 00:21:00;slice(Timestamp('2019-02-26 09:19:00+0000', tz='UTC'), Timestamp('2019-02-26 09:40:00+0000', tz='UTC'), None);1;2;0;1;0;0;0;0;1;2;0;1
2019-02-26 10:47:00+00:00;2019-02-26 11:08:30+00:00;0 days 00:21:30;slice(Timestamp('2019-02-26 10:47:00+0000', tz='UTC'), Timestamp('2019-02-26 11:08:30+0000', tz='UTC'), None);1;2;0;1;0;0;0;0;1;2;0;1
2019-02-26 12:12:30+00:00;2019-02-26 12:21:00+00:00;0 days 00:08:30;slice(Timestamp('2019-02-26 12:12:30+0000', tz='UTC'), Timestamp('2019-02-26 12:21:00+0000', tz='UTC'), None);0;0;3;2;0;0;0;0;0;0;3;2
2019-02-26 12:23:30+00:00;2019-02-26 12:42:30+00:00;0 days 00:19:00;slice(Timestamp('2019-02-26 12:23:30+0000', tz='UTC'), Timestamp('2019-02-26 12:42:30+0000', tz='UTC'), None);1;1;1;6;0;0;0;0;1;1;1;6
2019-02-26 12:44:00+00:00;2019-02-26 14:35:00+00:00;0 days 01:51:00;slice(Timestamp('2019-02-26 12:44:00+0000', tz='UTC'), Timestamp('2019-02-26 14:35:00+0000', tz='UTC'), None);1;1;1;3;0;0;3;3;1;1;1;3
2019-02-26 16:32:30+00:00;2019-02-26 17:08:30+00:00;0 days 00:36:00;slice(Timestamp('2019-02-26 16:32:30+0000', tz='UTC'), Timestamp('2019-02-26 17:08:30+0000', tz='UTC'), None);1;1;1;1;0;0;0;0;1;1;1;1
2019-02-26 17:30:00+00:00;2019-02-26 18:52:30+00:00;0 days 01:22:30;slice(Timestamp('2019-02-26 17:30:00+0000', tz='UTC'), Timestamp('2019-02-26 18:52:30+0000', tz='UTC'), None);1;1;1;3;0;0;3;3;1;1;1;3
2019-02-26 20:21:30+00:00;2019-02-26 20:48:30+00:00;0 days 00:27:00;slice(Timestamp('2019-02-26 20:21:30+0000', tz='UTC'), Timestamp('2019-02-26 20:48:30+0000', tz='UTC'), None);1;2;4;1;0;0;0;0;1;2;4;1
2019-02-26 22:47:30+00:00;2019-02-26 23:12:00+00:00;0 days 00:24:30;slice(Timestamp('2019-02-26 22:47:30+0000', tz='UTC'), Timestamp('2019-02-26 23:12:00+0000', tz='UTC'), None);1;1;1;1;0;0;0;0;1;1;1;1
2019-02-27 00:28:30+00:00;2019-02-27 00:52:00+00:00;0 days 00:23:30;slice(Timestamp('2019-02-27 00:28:30+0000', tz='UTC'), Timestamp('2019-02-27 00:52:00+0000', tz='UTC'), None);1;2;4;1;0;0;0;0;1;2;4;1
2019-02-27 02:20:30+00:00;2019-02-27 02:47:30+00:00;0 days 00:27:00;slice(Timestamp('2019-02-27 02:20:30+0000', tz='UTC'), Timestamp('2019-02-27 02:47:30+0000', tz='UTC'), None);1;2;0;4;0;0;0;0;1;2;0;4
2019-02-27 04:16:00+00:00;2019-02-27 04:37:30+00:00;0 days 00:21:30;slice(Timestamp('2019-02-27 04:16:00+0000', tz='UTC'), Timestamp('2019-02-27 04:37:30+0000', tz='UTC'), None);1;2;0;1;0;0;0;0;1;2;0;1
2019-02-27 05:59:30+00:00;2019-02-27 06:21:30+00:00;0 days 00:22:00;slice(Timestamp('2019-02-27 05:59:30+0000', tz='UTC'), Timestamp('2019-02-27 06:21:30+0000', tz='UTC'), None);1;2;0;4;0;0;0;0;1;2;0;4
2019-02-27 07:42:30+00:00;2019-02-27 08:03:30+00:00;0 days 00:21:00;slice(Timestamp('2019-02-27 07:42:30+0000', tz='UTC'), Timestamp('2019-02-27 08:03:30+0000', tz='UTC'), None);1;2;0;1;0;0;0;0;1;2;0;1
2019-02-27 09:20:30+00:00;2019-02-27 09:43:00+00:00;0 days 00:22:30;slice(Timestamp('2019-02-27 09:20:30+0000', tz='UTC'), Timestamp('2019-02-27 09:43:00+0000', tz='UTC'), None);1;2;0;4;0;0;0;0;1;2;0;4
2019-02-27 10:55:30+00:00;2019-02-27 11:18:00+00:00;0 days 00:22:30;slice(Timestamp('2019-02-27 10:55:30+0000', tz='UTC'), Timestamp('2019-02-27 11:18:00+0000', tz='UTC'), None);1;2;0;4;0;0;0;0;1;2;0;4
2019-02-27 11:55:00+00:00;2019-02-27 12:48:00+00:00;0 days 00:53:00;slice(Timestamp('2019-02-27 11:55:00+0000', tz='UTC'), Timestamp('2019-02-27 12:48:00+0000', tz='UTC'), None);1;1;1;3;0;0;3;3;1;1;1;3
2019-02-27 12:57:00+00:00;2019-02-27 13:39:00+00:00;0 days 00:42:00;slice(Timestamp('2019-02-27 12:57:00+0000', tz='UTC'), Timestamp('2019-02-27 13:39:00+0000', tz='UTC'), None);1;2;0;1;0;0;0;0;1;2;0;1
2019-02-27 14:42:00+00:00;2019-02-27 15:10:00+00:00;0 days 00:28:00;slice(Timestamp('2019-02-27 14:42:00+0000', tz='UTC'), Timestamp('2019-02-27 15:10:00+0000', tz='UTC'), None);1;2;0;4;0;0;0;0;1;2;0;4
2019-02-27 16:34:00+00:00;2019-02-27 16:46:00+00:00;0 days 00:12:00;slice(Timestamp('2019-02-27 16:34:00+0000', tz='UTC'), Timestamp('2019-02-27 16:46:00+0000', tz='UTC'), None);0;2;3;2;0;0;0;0;0;2;3;2
2019-02-27 16:53:00+00:00;2019-02-27 17:18:00+00:00;0 days 00:25:00;slice(Timestamp('2019-02-27 16:53:00+0000', tz='UTC'), Timestamp('2019-02-27 17:18:00+0000', tz='UTC'), None);1;2;0;4;0;0;0;0;1;2;0;4
2019-02-27 18:16:00+00:00;2019-02-27 18:38:30+00:00;0 days 00:22:30;slice(Timestamp('2019-02-27 18:16:00+0000', tz='UTC'), Timestamp('2019-02-27 18:38:30+0000', tz='UTC'), None);1;2;0;4;0;0;0;0;1;2;0;4
2019-02-27 19:40:00+00:00;2019-02-27 20:14:00+00:00;0 days 00:34:00;slice(Timestamp('2019-02-27 19:40:00+0000', tz='UTC'), Timestamp('2019-02-27 20:14:00+0000', tz='UTC'), None);1;2;0;1;0;0;0;0;1;2;0;1
2019-02-27 21:44:30+00:00;2019-02-27 22:06:30+00:00;0 days 00:22:00;slice(Timestamp('2019-02-27 21:44:30+0000', tz='UTC'), Timestamp('2019-02-27 22:06:30+0000', tz='UTC'), None);1;2;0;4;0;0;0;0;1;2;0;4
2019-02-27 23:00:00+00:00;2019-02-27 23:21:00+00:00;0 days 00:21:00;slice(Timestamp('2019-02-27 23:00:00+0000', tz='UTC'), Timestamp('2019-02-27 23:21:00+0000', tz='UTC'), None);1;2;0;4;0;0;0;0;1;2;0;4
2019-02-28 00:24:30+00:00;2019-02-28 00:44:00+00:00;0 days 00:19:30;slice(Timestamp('2019-02-28 00:24:30+0000', tz='UTC'), Timestamp('2019-02-28 00:44:00+0000', tz='UTC'), None);1;2;0;1;0;0;0;0;1;2;0;1
2019-02-28 01:37:30+00:00;2019-02-28 01:58:30+00:00;0 days 00:21:00;slice(Timestamp('2019-02-28 01:37:30+0000', tz='UTC'), Timestamp('2019-02-28 01:58:30+0000', tz='UTC'), None);1;2;0;4;0;0;0;0;1;2;0;4
2019-02-28 03:08:30+00:00;2019-02-28 03:28:30+00:00;0 days 00:20:00;slice(Timestamp('2019-02-28 03:08:30+0000', tz='UTC'), Timestamp('2019-02-28 03:28:30+0000', tz='UTC'), None);1;2;4;0;0;0;0;0;1;2;4;0
2019-02-28 04:39:30+00:00;2019-02-28 04:59:30+00:00;0 days 00:20:00;slice(Timestamp('2019-02-28 04:39:30+0000', tz='UTC'), Timestamp('2019-02-28 04:59:30+0000', tz='UTC'), None);1;2;0;4;0;0;0;0;1;2;0;4
2019-02-28 06:09:30+00:00;2019-02-28 06:29:00+00:00;0 days 00:19:30;slice(Timestamp('2019-02-28 06:09:30+0000', tz='UTC'), Timestamp('2019-02-28 06:29:00+0000', tz='UTC'), None);1;2;4;0;0;0;0;0;1;2;4;0
2019-02-28 07:37:00+00:00;2019-02-28 07:55:30+00:00;0 days 00:18:30;slice(Timestamp('2019-02-28 07:37:00+0000', tz='UTC'), Timestamp('2019-02-28 07:55:30+0000', tz='UTC'), None);1;2;0;4;0;0;0;0;1;2;0;4
2019-02-28 09:01:00+00:00;2019-02-28 09:20:00+00:00;0 days 00:19:00;slice(Timestamp('2019-02-28 09:01:00+0000', tz='UTC'), Timestamp('2019-02-28 09:20:00+0000', tz='UTC'), None);1;2;0;4;0;0;0;0;1;2;0;4
2019-02-28 10:25:30+00:00;2019-02-28 10:45:00+00:00;0 days 00:19:30;slice(Timestamp('2019-02-28 10:25:30+0000', tz='UTC'), Timestamp('2019-02-28 10:45:00+0000', tz='UTC'), None);1;2;4;0;0;0;0;0;1;2;4;0
2019-02-28 11:28:00+00:00;2019-02-28 11:45:30+00:00;0 days 00:17:30;slice(Timestamp('2019-02-28 11:28:00+0000', tz='UTC'), Timestamp('2019-02-28 11:45:30+0000', tz='UTC'), None);1;2;0;4;0;0;0;0;1;2;0;4
2019-02-28 12:51:30+00:00;2019-02-28 13:12:00+00:00;0 days 00:20:30;slice(Timestamp('2019-02-28 12:51:30+0000', tz='UTC'), Timestamp('2019-02-28 13:12:00+0000', tz='UTC'), None);1;2;4;0;0;0;0;0;1;2;4;0
2019-02-28 14:14:30+00:00;2019-02-28 14:35:00+00:00;0 days 00:20:30;slice(Timestamp('2019-02-28 14:14:30+0000', tz='UTC'), Timestamp('2019-02-28 14:35:00+0000', tz='UTC'), None);1;2;0;1;0;0;0;0;1;2;0;1
2019-02-28 15:23:00+00:00;2019-02-28 15:46:30+00:00;0 days 00:23:30;slice(Timestamp('2019-02-28 15:23:00+0000', tz='UTC'), Timestamp('2019-02-28 15:46:30+0000', tz='UTC'), None);1;2;4;1;0;0;0;0;1;2;4;1
2019-02-28 16:27:00+00:00;2019-02-28 18:13:00+00:00;0 days 01:46:00;slice(Timestamp('2019-02-28 16:27:00+0000', tz='UTC'), Timestamp('2019-02-28 18:13:00+0000', tz='UTC'), None);1;1;1;3;0;0;3;3;1;1;1;3
2019-02-28 18:41:30+00:00;2019-02-28 19:13:00+00:00;0 days 00:31:30;slice(Timestamp('2019-02-28 18:41:30+0000', tz='UTC'), Timestamp('2019-02-28 19:13:00+0000', tz='UTC'), None);1;2;0;4;0;0;0;0;1;2;0;4
2019-02-28 20:04:00+00:00;2019-02-28 20:28:00+00:00;0 days 00:24:00;slice(Timestamp('2019-02-28 20:04:00+0000', tz='UTC'), Timestamp('2019-02-28 20:28:00+0000', tz='UTC'), None);1;2;0;1;0;0;0;0;1;2;0;1
2019-02-28 22:08:00+00:00;2019-02-28 22:33:00+00:00;0 days 00:25:00;slice(Timestamp('2019-02-28 22:08:00+0000', tz='UTC'), Timestamp('2019-02-28 22:33:00+0000', tz='UTC'), None);1;2;0;4;0;0;0;0;1;2;0;4
2019-03-01 00:11:30+00:00;2019-03-01 00:37:30+00:00;0 days 00:26:00;slice(Timestamp('2019-03-01 00:11:30+0000', tz='UTC'), Timestamp('2019-03-01 00:37:30+0000', tz='UTC'), None);1;2;0;1;0;0;0;0;1;2;0;1
2019-03-01 01:47:30+00:00;2019-03-01 02:10:30+00:00;0 days 00:23:00;slice(Timestamp('2019-03-01 01:47:30+0000', tz='UTC'), Timestamp('2019-03-01 02:10:30+0000', tz='UTC'), None);1;2;4;0;0;0;0;0;1;2;4;0
2019-03-01 03:34:00+00:00;2019-03-01 03:56:00+00:00;0 days 00:22:00;slice(Timestamp('2019-03-01 03:34:00+0000', tz='UTC'), Timestamp('2019-03-01 03:56:00+0000', tz='UTC'), None);1;2;4;0;0;0;0;0;1;2;4;0
2019-03-01 05:17:00+00:00;2019-03-01 05:38:30+00:00;0 days 00:21:30;slice(Timestamp('2019-03-01 05:17:00+0000', tz='UTC'), Timestamp('2019-03-01 05:38:30+0000', tz='UTC'), None);1;2;0;1;0;0;0;0;1;2;0;1
2019-03-01 06:57:00+00:00;2019-03-01 07:19:30+00:00;0 days 00:22:30;slice(Timestamp('2019-03-01 06:57:00+0000', tz='UTC'), Timestamp('2019-03-01 07:19:30+0000', tz='UTC'), None);1;2;0;4;0;0;0;0;1;2;0;4
2019-03-01 08:38:30+00:00;2019-03-01 09:00:30+00:00;0 days 00:22:00;slice(Timestamp('2019-03-01 08:38:30+0000', tz='UTC'), Timestamp('2019-03-01 09:00:30+0000', tz='UTC'), None);1;2;4;1;0;0;0;0;1;2;4;1
